Título: ABS Card | DM Sistemas | DM Sistemas
url: www.dmsistemas.com.br/abs-card
descrição: Um único portal para todos os benefícios. Conte com a tecnologia mais avançada para realizar a gestão da mobilidade urbana dos empregados de forma personalizada ...
    
Título: ABSCard Gestão de Benefícios - Página inicial | Facebook
url: https://pt-br.facebook.com/dmsistemas
descrição: ABSCard Gestão de Benefícios, Nova Lima. 708 curtidas. Há mais de 27 anos no Mercado, a DM Sistemas comercializa e implementa Soluções de Gestão de...
    
Título: ABSCard Gestão de Benefícios - Posts | Facebook
url: https://www.facebook.com/dmsistemas/posts
descrição: ABSCard Gestão de Benefícios, Nova Lima. 707 likes. Há mais de 27 anos no Mercado, a DM Sistemas comercializa e implementa Soluções de Gestão de...
    
Título: ABSCard Gestão de Benefícios - Home | Facebook
url: https://www.facebook.com/dmsistemas
descrição: ABSCard Gestão de Benefícios, Nova Lima. 708 likes. Há mais de 27 anos no Mercado, a DM Sistemas comercializa e implementa Soluções de Gestão de...
    
Título: DM Sistemas | DM Sistemas
--> Item 1 encontrado:
url: www.dmsistemas.com.br
--> Item 2 encontrado:
descrição: Gestão de Benefícios sem dor de cabeça. Com o ABSCard sua empresa reduz custos e facilita a compra de benefícios. Tudo de forma centralizada e potencializando o ...
    
Título: RB Serviços - Soluções em Vales Transporte - YouTube
url: https://www.youtube.com/watch?v=243d5xXeMnc
descrição: 17/11/2015 · A RB Serviços é especializada em gestão de vale ... o mau uso do benefício, gerando uma redução de custos em ... ABS CARD - Gestão de Vale ...
    
Título: Gestão de benefícios e sua importância para as empresas
url: https://www.solver-rh.com.br/importancia-da-gestao-de-beneficios
descrição: A gestão de benefícios é extremamente importante para as empresas. Existem algumas medidas que podem melhorá-la. Leia nosso artigo e entenda mais.
    
Título: P h a r m a c y - abscard.com.br
url: www.abscard.com.br/folder01/Pag_06.htm
descrição: Os consultores de negócios da C&S Sistemas prestam um completo ... melhores relações custo x benefício. ... em sistemas de gestão e ...
    
Título: Aula 3 - Gestão de Benefícios - pt.slideshare.net
url: https://pt.slideshare.net/ppconsul/aula-3-gesto-de-benefcios
descrição: Centro Universitário Celso Lisboa Aula 3 – Administração de Benefícios. Prof. Angelo Peres. Cada organização defi…
    
